{
	"Zh-CN": {
		"_LangName": "简体中文",
		"LangName_Zh-CN": "简体中文",
		"LangName_Zh-TW": "繁体中文",
		"LangName_EN": "英语",
		"LangName_JA": "日语",
		"LangName_KO": "韩语",
		"LangName_FR": "法语",
		"LangName_DE": "德语",
		"LangName_ES": "西班牙语",
		"App_Title": "Eric Game Launcher",
		"TitleBar_Search": "搜索",
		"TitleBar_SearchPlaceholder": "搜索...",
		"TitleBar_More": "更多",
		"Menu_IconSize": "图标大小",
		"Menu_Add": "添加",
		"Menu_Sort": "排序",
		"Menu_Settings": "设置",
		"Menu_Run": "运行",
		"Menu_RunManager": "运行管理器",
		"Menu_OpenFileLocation": "打开文件位置",
		"Menu_Properties": "属性",
		"Menu_Delete": "删除",
		"Sort_Title": "编辑顺序",
		"Sort_Description": "点击移动按钮或选中项目后使用 W S ↑ ↓ 调整顺序",
		"Sort_MoveUp": "上移",
		"Sort_MoveDown": "下移",
		"Settings_Title": "设置",
		"Settings_General": "常规",
		"Settings_CloseAfterLaunch": "启动程序后自动退出",
		"Settings_DataLocation": "数据存储位置",
		"Settings_SystemMode": "系统模式",
		"Settings_PortableMode": "便携模式",
		"Settings_SwitchToPortable": "迁移至便携模式",
		"Settings_SwitchToSystem": "迁移至系统模式",
		"Settings_MigrateNote": "切换后会自动迁移现有的配置数据",
		"Settings_OpenConfigFolder": "打开配置文件夹",
		"Property_Title": "属性",
		"Property_DisplayName": "显示名称",
		"Property_MainExe": "主程序",
		"Property_MainExePath": "主程序路径",
		"Property_Manager": "管理器",
		"Property_ManagerPath": "管理器路径",
		"Property_SubstituteExe": "代替主程序启动",
		"Property_RunAsAdmin": "以管理员身份运行：",
		"Property_RunAtLaunch": "启动时同时执行",
		"Property_Optional": "可选",
		"Property_BrowseFile": "浏览文件...",
		"Property_SelectFile": "选择文件",
		"Property_ChangeIcon": "更换图标",
		"Property_Save": "保存",
		"Property_Close": "关闭",
		"Property_DeleteItem": "删除此项",
		"Source_StartMenu": "开始菜单",
		"Source_Desktop": "桌面",
		"Empty_Title": "还没有添加游戏",
		"Empty_Description": "点击右上角的「更多」按钮添加游戏"
	},
	"EN": {
		"_LangName": "English",
		"LangName_Zh-CN": "Simplified Chinese",
		"LangName_Zh-TW": "Traditional Chinese",
		"LangName_EN": "English",
		"LangName_JA": "Japanese",
		"LangName_KO": "Korean",
		"LangName_FR": "French",
		"LangName_DE": "German",
		"LangName_ES": "Spanish",
		"App_Title": "Eric Game Launcher",
		"TitleBar_Search": "Search",
		"TitleBar_SearchPlaceholder": "Search...",
		"TitleBar_More": "More",
		"Menu_IconSize": "Icon Size",
		"Menu_Add": "Add",
		"Menu_Sort": "Sort",
		"Menu_Settings": "Settings",
		"Menu_Run": "Run",
		"Menu_RunManager": "Run Manager",
		"Menu_OpenFileLocation": "Open File Location",
		"Menu_Properties": "Properties",
		"Menu_Delete": "Delete",
		"Sort_Title": "Edit Order",
		"Sort_Description": "Click move buttons or select an item then use W S ↑ ↓ to reorder",
		"Sort_MoveUp": "Move Up",
		"Sort_MoveDown": "Move Down",
		"Settings_Title": "Settings",
		"Settings_General": "General",
		"Settings_CloseAfterLaunch": "Close after launching app",
		"Settings_DataLocation": "Data Location",
		"Settings_SystemMode": "System Mode",
		"Settings_PortableMode": "Portable Mode",
		"Settings_SwitchToPortable": "Migrate to Portable Mode",
		"Settings_SwitchToSystem": "Migrate to System Mode",
		"Settings_MigrateNote": "Existing configuration data will be automatically migrated",
		"Settings_OpenConfigFolder": "Open Config Folder",
		"Property_Title": "Properties",
		"Property_DisplayName": "Display Name",
		"Property_MainExe": "Main Program",
		"Property_MainExePath": "Main Program Path",
		"Property_Manager": "Manager",
		"Property_ManagerPath": "Manager Path",
		"Property_SubstituteExe": "Launch instead of main program",
		"Property_RunAsAdmin": "Run as Administrator:",
		"Property_RunAtLaunch": "Run at launch",
		"Property_Optional": "Optional",
		"Property_BrowseFile": "Browse File...",
		"Property_SelectFile": "Select File",
		"Property_ChangeIcon": "Change Icon",
		"Property_Save": "Save",
		"Property_Close": "Close",
		"Property_DeleteItem": "Delete this item",
		"Source_StartMenu": "Start Menu",
		"Source_Desktop": "Desktop",
		"Empty_Title": "No games added yet",
		"Empty_Description": "Click the \"More\" button in the top-right corner to add games"
	},
	"Zh-TW": {
		"_LangName": "繁體中文",
		"LangName_Zh-CN": "簡體中文",
		"LangName_Zh-TW": "繁體中文",
		"LangName_EN": "英文",
		"LangName_JA": "日文",
		"LangName_KO": "韓文",
		"LangName_FR": "法文",
		"LangName_DE": "德文",
		"LangName_ES": "西班牙文",
		"App_Title": "Eric Game Launcher",
		"TitleBar_Search": "搜尋",
		"TitleBar_SearchPlaceholder": "搜尋...",
		"TitleBar_More": "更多",
		"Menu_IconSize": "圖示大小",
		"Menu_Add": "新增",
		"Menu_Sort": "排序",
		"Menu_Settings": "設定",
		"Menu_Run": "執行",
		"Menu_RunManager": "執行管理程式",
		"Menu_OpenFileLocation": "開啟檔案位置",
		"Menu_Properties": "屬性",
		"Menu_Delete": "刪除",
		"Sort_Title": "編輯順序",
		"Sort_Description": "點擊移動按鈕，或選取項目後使用 W S ↑ ↓ 調整順序",
		"Sort_MoveUp": "上移",
		"Sort_MoveDown": "下移",
		"Settings_Title": "設定",
		"Settings_General": "一般",
		"Settings_CloseAfterLaunch": "啟動應用程式後自動關閉",
		"Settings_DataLocation": "資料儲存位置",
		"Settings_SystemMode": "系統模式",
		"Settings_PortableMode": "攜帶式模式",
		"Settings_SwitchToPortable": "轉移至攜帶式模式",
		"Settings_SwitchToSystem": "轉移至系統模式",
		"Settings_MigrateNote": "切換後將自動轉移現有設定資料",
		"Settings_OpenConfigFolder": "開啟設定資料夾",
		"Property_Title": "屬性",
		"Property_DisplayName": "顯示名稱",
		"Property_MainExe": "主程式",
		"Property_MainExePath": "主程式路徑",
		"Property_Manager": "管理程式",
		"Property_ManagerPath": "管理程式路徑",
		"Property_SubstituteExe": "改以此代替主程式啟動",
		"Property_RunAsAdmin": "以管理員身分執行：",
		"Property_RunAtLaunch": "啟動時同時執行",
		"Property_Optional": "選填",
		"Property_BrowseFile": "瀏覽檔案...",
		"Property_SelectFile": "選取檔案",
		"Property_ChangeIcon": "變更圖示",
		"Property_Save": "儲存",
		"Property_Close": "關閉",
		"Property_DeleteItem": "刪除此項目",
		"Source_StartMenu": "開始功能表",
		"Source_Desktop": "桌面",
		"Empty_Title": "尚未新增任何遊戲",
		"Empty_Description": "點擊右上角「更多」按鈕新增遊戲"
	},
	"JA": {
		"_LangName": "日本語",
		"LangName_Zh-CN": "中国語（簡体字）",
		"LangName_Zh-TW": "中国語（繁体字）",
		"LangName_EN": "英語",
		"LangName_JA": "日本語",
		"LangName_KO": "韓国語",
		"LangName_FR": "フランス語",
		"LangName_DE": "ドイツ語",
		"LangName_ES": "スペイン語",
		"App_Title": "Eric Game Launcher",
		"TitleBar_Search": "検索",
		"TitleBar_SearchPlaceholder": "検索...",
		"TitleBar_More": "詳細",
		"Menu_IconSize": "アイコンサイズ",
		"Menu_Add": "追加",
		"Menu_Sort": "並び替え",
		"Menu_Settings": "設定",
		"Menu_Run": "実行",
		"Menu_RunManager": "マネージャーを実行",
		"Menu_OpenFileLocation": "ファイルの場所を開く",
		"Menu_Properties": "プロパティ",
		"Menu_Delete": "削除",
		"Sort_Title": "順序の編集",
		"Sort_Description": "移動ボタンをクリックするか、項目を選択して W S ↑ ↓ で順序を変更",
		"Sort_MoveUp": "上へ",
		"Sort_MoveDown": "下へ",
		"Settings_Title": "設定",
		"Settings_General": "一般",
		"Settings_CloseAfterLaunch": "起動後に自動終了",
		"Settings_DataLocation": "データ保存場所",
		"Settings_SystemMode": "システムモード",
		"Settings_PortableMode": "ポータブルモード",
		"Settings_SwitchToPortable": "ポータブルモードに移行",
		"Settings_SwitchToSystem": "システムモードに移行",
		"Settings_MigrateNote": "切り替え後、既存の設定データが自動的に移行されます",
		"Settings_OpenConfigFolder": "設定フォルダを開く",
		"Property_Title": "プロパティ",
		"Property_DisplayName": "表示名",
		"Property_MainExe": "メインプログラム",
		"Property_MainExePath": "メインプログラムのパス",
		"Property_Manager": "マネージャー",
		"Property_ManagerPath": "マネージャーのパス",
		"Property_SubstituteExe": "メインプログラムの代わりに起動",
		"Property_RunAsAdmin": "管理者として実行：",
		"Property_RunAtLaunch": "起動時に同時実行",
		"Property_Optional": "オプション",
		"Property_BrowseFile": "ファイルを参照...",
		"Property_SelectFile": "ファイルを選択",
		"Property_ChangeIcon": "アイコンを変更",
		"Property_Save": "保存",
		"Property_Close": "閉じる",
		"Property_DeleteItem": "この項目を削除",
		"Source_StartMenu": "スタートメニュー",
		"Source_Desktop": "デスクトップ",
		"Empty_Title": "ゲームがまだ追加されていません",
		"Empty_Description": "右上の「詳細」ボタンをクリックしてゲームを追加"
	},
	"KO": {
		"_LangName": "한국어",
		"App_Title": "Eric Game Launcher",
		"TitleBar_Search": "검색",
		"TitleBar_SearchPlaceholder": "검색...",
		"TitleBar_More": "더 보기",
		"Menu_IconSize": "아이콘 크기",
		"Menu_Add": "추가",
		"Menu_Sort": "정렬",
		"Menu_Settings": "설정",
		"Menu_Run": "실행",
		"Menu_RunManager": "관리자 실행",
		"Menu_OpenFileLocation": "파일 위치 열기",
		"Menu_Properties": "속성",
		"Menu_Delete": "삭제",
		"Sort_Title": "순서 편집",
		"Sort_Description": "이동 버튼을 클릭하거나 항목을 선택한 후 W S ↑ ↓ 를 사용하여 순서 변경",
		"Sort_MoveUp": "위로",
		"Sort_MoveDown": "아래로",
		"Settings_Title": "설정",
		"Settings_General": "일반",
		"Settings_CloseAfterLaunch": "앱 실행 후 자동 종료",
		"Settings_DataLocation": "데이터 저장 위치",
		"Settings_SystemMode": "시스템 모드",
		"Settings_PortableMode": "포터블 모드",
		"Settings_SwitchToPortable": "포터블 모드로 이전",
		"Settings_SwitchToSystem": "시스템 모드로 이전",
		"Settings_MigrateNote": "전환 후 기존 설정 데이터가 자동으로 이전됩니다",
		"Settings_OpenConfigFolder": "설정 폴더 열기",
		"Property_Title": "속성",
		"Property_DisplayName": "표시 이름",
		"Property_MainExe": "메인 프로그램",
		"Property_MainExePath": "메인 프로그램 경로",
		"Property_Manager": "관리자",
		"Property_ManagerPath": "관리자 경로",
		"Property_SubstituteExe": "메인 프로그램 대신 실행",
		"Property_RunAsAdmin": "관리자 권한으로 실행：",
		"Property_RunAtLaunch": "실행 시 함께 실행",
		"Property_Optional": "선택",
		"Property_BrowseFile": "파일 찾아보기...",
		"Property_SelectFile": "파일 선택",
		"Property_ChangeIcon": "아이콘 변경",
		"Property_Save": "저장",
		"Property_Close": "닫기",
		"Property_DeleteItem": "이 항목 삭제",
		"Source_StartMenu": "시작 메뉴",
		"Source_Desktop": "바탕 화면",
		"Empty_Title": "추가된 게임이 없습니다",
		"Empty_Description": "오른쪽 상단의 \"더 보기\" 버튼을 클릭하여 게임을 추가하세요"
	},
	"FR": {
		"_LangName": "Français",
		"App_Title": "Eric Game Launcher",
		"TitleBar_Search": "Rechercher",
		"TitleBar_SearchPlaceholder": "Rechercher...",
		"TitleBar_More": "Plus",
		"Menu_IconSize": "Taille des icônes",
		"Menu_Add": "Ajouter",
		"Menu_Sort": "Trier",
		"Menu_Settings": "Paramètres",
		"Menu_Run": "Exécuter",
		"Menu_RunManager": "Exécuter le gestionnaire",
		"Menu_OpenFileLocation": "Ouvrir l'emplacement du fichier",
		"Menu_Properties": "Propriétés",
		"Menu_Delete": "Supprimer",
		"Sort_Title": "Modifier l'ordre",
		"Sort_Description": "Cliquez sur les boutons de déplacement ou sélectionnez un élément puis utilisez W S ↑ ↓ pour réorganiser",
		"Sort_MoveUp": "Monter",
		"Sort_MoveDown": "Descendre",
		"Settings_Title": "Paramètres",
		"Settings_General": "Général",
		"Settings_CloseAfterLaunch": "Fermer après le lancement",
		"Settings_DataLocation": "Emplacement des données",
		"Settings_SystemMode": "Mode système",
		"Settings_PortableMode": "Mode portable",
		"Settings_SwitchToPortable": "Migrer en mode portable",
		"Settings_SwitchToSystem": "Migrer en mode système",
		"Settings_MigrateNote": "Les données de configuration existantes seront automatiquement migrées.",
		"Settings_OpenConfigFolder": "Ouvrir le dossier de configuration",
		"Property_Title": "Propriétés",
		"Property_DisplayName": "Nom d'affichage",
		"Property_MainExe": "Programme principal",
		"Property_MainExePath": "Chemin du programme principal",
		"Property_Manager": "Gestionnaire",
		"Property_ManagerPath": "Chemin du gestionnaire",
		"Property_SubstituteExe": "Lancer à la place du programme principal",
		"Property_RunAsAdmin": "Exécuter en tant qu'administrateur :",
		"Property_RunAtLaunch": "Exécuter au démarrage",
		"Property_Optional": "Optionnel",
		"Property_BrowseFile": "Parcourir...",
		"Property_SelectFile": "Sélectionner un fichier",
		"Property_ChangeIcon": "Changer l'icône",
		"Property_Save": "Enregistrer",
		"Property_Close": "Fermer",
		"Property_DeleteItem": "Supprimer cet élément",
		"Source_StartMenu": "Menu Démarrer",
		"Source_Desktop": "Bureau",
		"Empty_Title": "Aucun jeu ajouté",
		"Empty_Description": "Cliquez sur le bouton \"Plus\" en haut à droite pour ajouter des jeux"
	},
	"DE": {
		"_LangName": "Deutsch",
		"App_Title": "Eric Game Launcher",
		"TitleBar_Search": "Suchen",
		"TitleBar_SearchPlaceholder": "Suchen...",
		"TitleBar_More": "Mehr",
		"Menu_IconSize": "Symbolgröße",
		"Menu_Add": "Hinzufügen",
		"Menu_Sort": "Sortieren",
		"Menu_Settings": "Einstellungen",
		"Menu_Run": "Ausführen",
		"Menu_RunManager": "Manager ausführen",
		"Menu_OpenFileLocation": "Dateispeicherort öffnen",
		"Menu_Properties": "Eigenschaften",
		"Menu_Delete": "Löschen",
		"Sort_Title": "Reihenfolge bearbeiten",
		"Sort_Description": "Klicken Sie auf Verschiebungsschaltflächen oder wählen Sie ein Element aus und verwenden Sie W S ↑ ↓ zum Neuordnen",
		"Sort_MoveUp": "Nach oben",
		"Sort_MoveDown": "Nach unten",
		"Settings_Title": "Einstellungen",
		"Settings_General": "Allgemein",
		"Settings_CloseAfterLaunch": "Nach dem Start schließen",
		"Settings_DataLocation": "Datenspeicherort",
		"Settings_SystemMode": "Systemmodus",
		"Settings_PortableMode": "Portabler Modus",
		"Settings_SwitchToPortable": "In portablen Modus migrieren",
		"Settings_SwitchToSystem": "In Systemmodus migrieren",
		"Settings_MigrateNote": "Vorhandene Konfigurationsdaten werden automatisch migriert.",
		"Settings_OpenConfigFolder": "Konfigurationsordner öffnen",
		"Property_Title": "Eigenschaften",
		"Property_DisplayName": "Anzeigename",
		"Property_MainExe": "Hauptprogramm",
		"Property_MainExePath": "Pfad des Hauptprogramms",
		"Property_Manager": "Manager",
		"Property_ManagerPath": "Manager-Pfad",
		"Property_SubstituteExe": "Anstelle des Hauptprogramms starten",
		"Property_RunAsAdmin": "Als Administrator ausführen:",
		"Property_RunAtLaunch": "Beim Start ausführen",
		"Property_Optional": "Optional",
		"Property_BrowseFile": "Datei durchsuchen...",
		"Property_SelectFile": "Datei auswählen",
		"Property_ChangeIcon": "Symbol ändern",
		"Property_Save": "Speichern",
		"Property_Close": "Schließen",
		"Property_DeleteItem": "Dieses Element löschen",
		"Source_StartMenu": "Startmenü",
		"Source_Desktop": "Desktop",
		"Empty_Title": "Noch keine Spiele hinzugefügt",
		"Empty_Description": "Klicken Sie auf die Schaltfläche \"Mehr\" oben rechts, um Spiele hinzuzufügen"
	},
	"ES": {
		"_LangName": "Español",
		"App_Title": "Eric Game Launcher",
		"TitleBar_Search": "Buscar",
		"TitleBar_SearchPlaceholder": "Buscar...",
		"TitleBar_More": "Más",
		"Menu_IconSize": "Tamaño de icono",
		"Menu_Add": "Agregar",
		"Menu_Sort": "Ordenar",
		"Menu_Settings": "Configuración",
		"Menu_Run": "Ejecutar",
		"Menu_RunManager": "Ejecutar administrador",
		"Menu_OpenFileLocation": "Abrir ubicación del archivo",
		"Menu_Properties": "Propiedades",
		"Menu_Delete": "Eliminar",
		"Sort_Title": "Editar orden",
		"Sort_Description": "Haga clic en los botones de mover o seleccione un elemento y use W S ↑ ↓ para reordenar",
		"Sort_MoveUp": "Subir",
		"Sort_MoveDown": "Bajar",
		"Settings_Title": "Configuración",
		"Settings_General": "General",
		"Settings_CloseAfterLaunch": "Cerrar al lanzar la aplicación",
		"Settings_DataLocation": "Ubicación de datos",
		"Settings_SystemMode": "Modo sistema",
		"Settings_PortableMode": "Modo portátil",
		"Settings_SwitchToPortable": "Migrar a modo portátil",
		"Settings_SwitchToSystem": "Migrar a modo sistema",
		"Settings_MigrateNote": "Los datos de configuración existentes se migrarán automáticamente.",
		"Settings_OpenConfigFolder": "Abrir carpeta de configuración",
		"Property_Title": "Propiedades",
		"Property_DisplayName": "Nombre de pantalla",
		"Property_MainExe": "Programa principal",
		"Property_MainExePath": "Ruta del programa principal",
		"Property_Manager": "Administrador",
		"Property_ManagerPath": "Ruta del administrador",
		"Property_SubstituteExe": "Lanzar en lugar del programa principal",
		"Property_RunAsAdmin": "Ejecutar como administrador:",
		"Property_RunAtLaunch": "Ejecutar al iniciar",
		"Property_Optional": "Opcional",
		"Property_BrowseFile": "Examinar archivo...",
		"Property_SelectFile": "Seleccionar archivo",
		"Property_ChangeIcon": "Cambiar icono",
		"Property_Save": "Guardar",
		"Property_Close": "Cerrar",
		"Property_DeleteItem": "Eliminar este elemento",
		"Source_StartMenu": "Menú Inicio",
		"Source_Desktop": "Escritorio",
		"Empty_Title": "No hay juegos agregados aún",
		"Empty_Description": "Haga clic en el botón \"Más\" en la esquina superior derecha para agregar juegos"
	}
}